local_path,bytes,sha256,official_url,document_identity,document_date_or_revision,retrieval_date,evidence_class,redistribution
SOURCES/components/ISISPACE_ICEPS2/ICEPS2_Datasheet_Issue1.2.pdf,863029,ebc07b06bb9a64f32a59e052e46f0ba0158f293c59f7f84903702fbf895a68ff,https://isispace.nl/wp-content/uploads/2025/01/ISIS-ICEPS2-DSH-0001-ICEPS2_Datasheet-01_02.pdf,ISIS-ICEPS2-DSH-0001,Issue 1.2 / 2024-07-26,2026-09-15,PRIMARY MANUFACTURER,COPYRIGHTED_LOCAL_ONLY
SOURCES/components/GomSpace_NanoMind_A3200/NanoMind_A3200_DS1006901_rev1.17.pdf,753990,6efd7443077f7667c1d06a2930a72cca9de3e65086f6887bc5314533434a2234,https://gomspace.com/wp-content/uploads/2025/09/NanoMind_A3200.pdf,DS 1006901,Revision 1.17 / 2021-01-29,2026-09-15,PRIMARY MANUFACTURER,COPYRIGHTED_LOCAL_ONLY
SOURCES/components/GomSpace_NanoCom_AX100/NanoCom_AX100_DS1013823_rev3.7.pdf,803501,e734a38e710a5d48b68b39cc81d921285129fe0bb7e035dd038eaba07e9a998d,https://gomspace.com/wp-content/uploads/2025/09/gs-ds-nanocom-ax100.pdf,DS 1013823,Revision 3.7 / 2019-11-29,2026-09-15,PRIMARY MANUFACTURER,COPYRIGHTED_LOCAL_ONLY
SOURCES/components/GomSpace_NanoCom_AX100/AX100_U_UL_PCN_2024-02-13.pdf,747168,1a0d74b6aada4e7bc7c0a94af517c44d48dcb7ab11e8b8ad407ca3beaa94384b,https://gomspace.com/wp-content/uploads/2025/09/ProductChangeNotice_NANOCOM_AX100-U-UL.pdf,NanoCom AX100 U/UL Product Change Notice,2024-02-13,2026-09-15,PRIMARY MANUFACTURER,COPYRIGHTED_LOCAL_ONLY
SOURCES/components/GomSpace_NanoDock_DMC3/NanoDock_DMC3_DS1012962_rev1.12.pdf,2223967,275e44c730a5d3152035f781e4b113388597c33c829a067546073ae7b163f5d3,https://gomspace.com/wp-content/uploads/2025/12/gs-ds-nanodock-dmc-3-112.pdf,DS 1012962,Revision 1.12 / 2021-03-25,2026-09-15,PRIMARY MANUFACTURER,COPYRIGHTED_LOCAL_ONLY
SOURCES/components/GomSpace_NanoDock_DMC3/NanoDock_DMC3_OSF1012964_rev2.3.pdf,1337743,5f708d21389eb716eb18003aac35029304a3043995e789202bc59b5b3bbd2342,https://gomspace.com/wp-content/uploads/2025/12/gs-osf-nanodock-dmc-3-23_1.pdf,OSF 1012964,Revision 2.3 / 2025-04-14,2026-09-15,PRIMARY MANUFACTURER,COPYRIGHTED_LOCAL_ONLY
SOURCES/components/GomSpace_NanoDock_DMC3/NanoDock_DMC3_Qualification_Certificate.pdf,871662,706e6bb2f6ff690d4369a1a42dce3e4f9d22eedc7baf97028ab2398721cd79cf,https://gomspace.com/wp-content/uploads/2025/12/Gs-Qtct-NanoDock_DMC-3.pdf,Qualification Certificate 1028503,Revision 1.0 / 2021-11-09,2026-09-15,PRIMARY MANUFACTURER,COPYRIGHTED_LOCAL_ONLY
SOURCES/components/SkyFox_piCAM/piCAM_Datasheet_rev_A_2025.pdf,1393188,06773fc435abddf19f2a7919e2f3a06d07f8ee04fd45d07ae19cf1e3243d404d,https://skyfoxlabs.com/pdf/piCAM_Datasheet_rev_A_2025.pdf,piCAM Product Datasheet,Revision A / 2025,2026-09-15,PRIMARY MANUFACTURER,COPYRIGHTED_LOCAL_ONLY
SOURCES/components/Pumpkin_CubeSatKit/Chassis_Walls_product_page.html,857480,9b9e127d7c495841dfd03b3f4e4fafba68932bde999440fe51279c980101e7c9,https://www.pumpkinspace.com/store/p30/CubeSat_Kit%E2%84%A2_Chassis_Walls.html,CubeSat Kit Chassis Walls product page,current page capture,2026-09-15,PRIMARY MANUFACTURER,COPYRIGHTED_LOCAL_ONLY
SOURCES/components/Pumpkin_CubeSatKit/Cover_Plate_product_page.html,281402,9c2ebd31a3740e91a53f47d96bc56ba87a5075ce2794f80ce0ef683a34d767ad,https://www.pumpkinspace.com/store/p27/Cover_Plate_Assembly.html,CubeSat Kit Cover Plate product page,current page capture,2026-09-15,PRIMARY MANUFACTURER,COPYRIGHTED_LOCAL_ONLY
SOURCES/components/Pumpkin_CubeSatKit/AntS_Cover_Plate_product_page.html,279966,b6f9673c0969737ded7d8c6c3f67b2ed9455766d7a98f587194afa500f6995e3,https://www.pumpkinspace.com/store/p43/CubeSat_Kit%E2%84%A2_Cover_Plate_Assembly_for_AntS_antenna.html,CubeSat Kit AntS Cover Plate product page,current page capture,2026-09-15,PRIMARY MANUFACTURER,COPYRIGHTED_LOCAL_ONLY
SOURCES/components/Pumpkin_CubeSatKit/Fixed_Solar_Panels_product_page.html,215764,6e32506468ec055d18d35ccee8f292939fcad7e746389392f00da71a39451a4e,https://www.pumpkinspace.com/store/p154/CubeSat_Kit%E2%84%A2_Fixed_Solar_Panels.html,CubeSat Kit Fixed Solar Panels product page,current page capture,2026-09-15,PRIMARY MANUFACTURER,COPYRIGHTED_LOCAL_ONLY
SOURCES/components/Pumpkin_CubeSatKit/CubeSatKit_User_Manual_UM3.pdf,729787,4a48622bd573814d8028a4eec8fa35e15301b8eb4fc7b77ecc7f4075fb9e2a32,https://www.cubesatkit.com/docs/cubesatkitmanual.pdf,Pumpkin CubeSat Kit User Manual UM-3,Revision D / 2003-09-17,2026-09-15,PRIMARY MANUFACTURER LEGACY,COPYRIGHTED_LOCAL_ONLY
SOURCES/components/Pumpkin_CubeSatKit/CubeSatKit_System_Chart.pdf,212033,72de5888485a16286bd1bffd7501e31898b3cf06e34c7849b669185cb74c47df,https://www.cubesatkit.com/docs/cubesatkitsystemchart.pdf,Pumpkin CubeSat Kit System Chart,707-00411-A / 2007-08,2026-09-15,PRIMARY MANUFACTURER LEGACY,COPYRIGHTED_LOCAL_ONLY
