case_id,node_id,target_id,target_min_C,target_max_C,all_time_min_C,all_time_max_C,last_orbit_min_C,last_orbit_max_C,lower_margin_C,upper_margin_C,target_met,orbits_simulated,periodic_converged
nominal_450,panel_plus_x_camera,panel_structure_C,-40.0,85.0,-26.464523803798926,20.0,-26.46361308566898,11.967222450298948,13.536386914331018,73.03277754970105,YES,17,YES
nominal_450,panel_minus_x,panel_structure_C,-40.0,85.0,-26.471225204370143,20.0,-26.470314328704745,11.09323382830479,13.529685671295255,73.90676617169521,YES,17,YES
nominal_450,panel_plus_y,panel_structure_C,-40.0,85.0,-26.471225204370143,20.0,-26.470314328704745,11.09323382830479,13.529685671295255,73.90676617169521,YES,17,YES
nominal_450,panel_minus_y,panel_structure_C,-40.0,85.0,-26.471225204370143,20.0,-26.470314328704745,11.09323382830479,13.529685671295255,73.90676617169521,YES,17,YES
nominal_450,panel_plus_z_ants,panel_structure_C,-40.0,85.0,-26.471225204370143,20.0,-26.470314328704745,11.09323382830479,13.529685671295255,73.90676617169521,YES,17,YES
nominal_450,panel_minus_z,panel_structure_C,-40.0,85.0,-26.471225204370143,20.0,-26.470314328704745,11.09323382830479,13.529685671295255,73.90676617169521,YES,17,YES
nominal_450,structure,panel_structure_C,-40.0,85.0,-7.509467487779773,20.0,-7.5081801003545365,9.420439958932604,32.49181989964546,75.5795600410674,YES,17,YES
nominal_450,battery_eps,battery_normal_C,5.0,35.0,-3.399291469257662,20.07776325146142,-3.3979957249101744,9.439600750432646,-8.397995724910174,25.560399249567354,NO,17,YES
nominal_450,avionics,electronics_C,-10.0,50.0,-4.86099026661492,20.129622304915074,-4.859686672451289,9.54138508013125,5.140313327548711,40.45861491986875,YES,17,YES
nominal_450,radio_antenna,electronics_C,-10.0,50.0,-4.554419197922016,20.17424537386853,-4.553093333207698,9.579999744500412,5.446906666792302,40.42000025549959,YES,17,YES
nominal_450,camera,electronics_C,-10.0,50.0,-5.570026834123098,20.0,-5.568716576870997,8.283092919591184,4.431283423129003,41.71690708040882,YES,17,YES
nominal_475,panel_plus_x_camera,panel_structure_C,-40.0,85.0,-26.39967420639306,20.0,-26.39967420639306,12.037709106674015,13.600325793606942,72.96229089332599,YES,17,YES
nominal_475,panel_minus_x,panel_structure_C,-40.0,85.0,-26.406429143308372,20.0,-26.406429143308372,11.164075154019315,13.593570856691628,73.83592484598068,YES,17,YES
nominal_475,panel_plus_y,panel_structure_C,-40.0,85.0,-26.406429143308372,20.0,-26.406429143308372,11.164075154019315,13.593570856691628,73.83592484598068,YES,17,YES
nominal_475,panel_minus_y,panel_structure_C,-40.0,85.0,-26.406429143308372,20.0,-26.406429143308372,11.164075154019315,13.593570856691628,73.83592484598068,YES,17,YES
nominal_475,panel_plus_z_ants,panel_structure_C,-40.0,85.0,-26.406429143308372,20.0,-26.406429143308372,11.164075154019315,13.593570856691628,73.83592484598068,YES,17,YES
nominal_475,panel_minus_z,panel_structure_C,-40.0,85.0,-26.406429143308372,20.0,-26.406429143308372,11.164075154019315,13.593570856691628,73.83592484598068,YES,17,YES
nominal_475,structure,panel_structure_C,-40.0,85.0,-7.4222823124942465,20.0,-7.4222823124942465,9.528466592401116,32.57771768750575,75.47153340759888,YES,17,YES
nominal_475,battery_eps,battery_normal_C,5.0,35.0,-3.3118894421517666,20.077763096884837,-3.3118894421517666,9.549232726043044,-8.311889442151767,25.450767273956956,NO,17,YES
nominal_475,avionics,electronics_C,-10.0,50.0,-4.772926676684165,20.129621991653096,-4.772926676684165,9.654441054593747,5.227073323315835,40.34555894540625,YES,17,YES
nominal_475,radio_antenna,electronics_C,-10.0,50.0,-4.464665480664053,20.17424465295653,-4.464665480664053,9.697087856005226,5.535334519335947,40.302912143994774,YES,17,YES
nominal_475,camera,electronics_C,-10.0,50.0,-5.480480539809321,20.0,-5.480480539809321,8.406275461590383,4.519519460190679,41.59372453840962,YES,17,YES
nominal_500,panel_plus_x_camera,panel_structure_C,-40.0,85.0,-26.326406496664987,20.0,-26.326406496664987,12.112014101381419,13.673593503335013,72.88798589861858,YES,18,YES
nominal_500,panel_minus_x,panel_structure_C,-40.0,85.0,-26.333232805442265,20.0,-26.333232805442265,11.238750353550529,13.666767194557735,73.76124964644947,YES,18,YES
nominal_500,panel_plus_y,panel_structure_C,-40.0,85.0,-26.333232805442265,20.0,-26.333232805442265,11.238750353550529,13.666767194557735,73.76124964644947,YES,18,YES
nominal_500,panel_minus_y,panel_structure_C,-40.0,85.0,-26.333232805442265,20.0,-26.333232805442265,11.238750353550529,13.666767194557735,73.76124964644947,YES,18,YES
nominal_500,panel_plus_z_ants,panel_structure_C,-40.0,85.0,-26.333232805442265,20.0,-26.333232805442265,11.238750353550529,13.666767194557735,73.76124964644947,YES,18,YES
nominal_500,panel_minus_z,panel_structure_C,-40.0,85.0,-26.333232805442265,20.0,-26.333232805442265,11.238750353550529,13.666767194557735,73.76124964644947,YES,18,YES
nominal_500,structure,panel_structure_C,-40.0,85.0,-7.324221537072731,20.0,-7.324221537072731,9.643440577559488,32.67577846292727,75.35655942244051,YES,18,YES
nominal_500,battery_eps,battery_normal_C,5.0,35.0,-3.2135937883915062,20.077763224507237,-3.2135937883915062,9.666402922009695,-8.213593788391506,25.333597077990305,NO,18,YES
nominal_500,avionics,electronics_C,-10.0,50.0,-4.673955423529776,20.12962225011165,-4.673955423529776,9.774775863664445,5.326044576470224,40.225224136335555,YES,18,YES
nominal_500,radio_antenna,electronics_C,-10.0,50.0,-4.363950979982519,20.174245247039607,-4.363950979982519,9.821226578603955,5.636049020017481,40.178773421396045,YES,18,YES
nominal_500,camera,electronics_C,-10.0,50.0,-5.3798792706786,20.0,-5.3798792706786,8.53651480746828,4.6201207293214,41.46348519253172,YES,18,YES
cold_recovery_475,panel_plus_x_camera,panel_structure_C,-40.0,85.0,-41.0067786957554,-10.0,-41.0067786957554,-16.495982007581574,-1.0067786957554006,101.49598200758157,NO,11,YES
cold_recovery_475,panel_minus_x,panel_structure_C,-40.0,85.0,-41.01460294861073,-10.0,-41.01460294861073,-17.271365716933417,-1.0146029486107295,102.27136571693342,NO,11,YES
cold_recovery_475,panel_plus_y,panel_structure_C,-40.0,85.0,-41.01460294861073,-10.0,-41.01460294861073,-17.271365716933417,-1.0146029486107295,102.27136571693342,NO,11,YES
cold_recovery_475,panel_minus_y,panel_structure_C,-40.0,85.0,-41.01460294861073,-10.0,-41.01460294861073,-17.271365716933417,-1.0146029486107295,102.27136571693342,NO,11,YES
cold_recovery_475,panel_plus_z_ants,panel_structure_C,-40.0,85.0,-41.01460294861073,-10.0,-41.01460294861073,-17.271365716933417,-1.0146029486107295,102.27136571693342,NO,11,YES
cold_recovery_475,panel_minus_z,panel_structure_C,-40.0,85.0,-41.01460294861073,-10.0,-41.01460294861073,-17.271365716933417,-1.0146029486107295,102.27136571693342,NO,11,YES
cold_recovery_475,structure,panel_structure_C,-40.0,85.0,-26.60834642041462,-10.0,-26.60834642041462,-16.097927841304795,13.39165357958538,101.0979278413048,YES,11,YES
cold_recovery_475,battery_eps,battery_normal_C,5.0,35.0,-23.075869958866235,-8.526675301629268,-23.075869958866235,-13.77696386266939,-28.075869958866235,48.77696386266939,NO,11,YES
cold_recovery_475,avionics,electronics_C,-10.0,50.0,-24.833493060337844,-9.890636291625242,-24.833493060337844,-15.797332087432665,-14.833493060337844,65.79733208743266,NO,11,YES
cold_recovery_475,radio_antenna,electronics_C,-10.0,50.0,-24.830039745844573,-9.899044269148419,-24.830039745844573,-16.227408614706007,-14.830039745844573,66.22740861470601,NO,11,YES
cold_recovery_475,camera,electronics_C,-10.0,50.0,-25.398586724761685,-10.0,-25.398586724761685,-17.039362611128638,-15.398586724761685,67.03936261112864,NO,11,YES
cold_heater_off_475,panel_plus_x_camera,panel_structure_C,-40.0,85.0,-49.66345900262829,-10.0,-49.66345900262829,-24.387242555335092,-9.663459002628286,109.38724255533509,NO,52,YES
cold_heater_off_475,panel_minus_x,panel_structure_C,-40.0,85.0,-49.67288736024372,-10.0,-49.67288736024372,-25.189898988574356,-9.67288736024372,110.18989898857436,NO,52,YES
cold_heater_off_475,panel_plus_y,panel_structure_C,-40.0,85.0,-49.67288736024372,-10.0,-49.67288736024372,-25.189898988574356,-9.67288736024372,110.18989898857436,NO,52,YES
cold_heater_off_475,panel_minus_y,panel_structure_C,-40.0,85.0,-49.67288736024372,-10.0,-49.67288736024372,-25.189898988574356,-9.67288736024372,110.18989898857436,NO,52,YES
cold_heater_off_475,panel_plus_z_ants,panel_structure_C,-40.0,85.0,-49.67288736024372,-10.0,-49.67288736024372,-25.189898988574356,-9.67288736024372,110.18989898857436,NO,52,YES
cold_heater_off_475,panel_minus_z,panel_structure_C,-40.0,85.0,-49.67288736024372,-10.0,-49.67288736024372,-25.189898988574356,-9.67288736024372,110.18989898857436,NO,52,YES
cold_heater_off_475,structure,panel_structure_C,-40.0,85.0,-39.14780035089436,-10.0,-39.14780035089436,-28.455376056203534,0.8521996491056427,113.45537605620353,YES,52,YES
cold_heater_off_475,battery_eps,battery_normal_C,5.0,35.0,-38.04418681616366,-9.934005256762248,-38.04418681616366,-28.588372871378056,-43.04418681616366,63.588372871378056,NO,52,YES
cold_heater_off_475,avionics,electronics_C,-10.0,50.0,-37.881603344980505,-9.946257347186986,-37.881603344980505,-28.694676210357386,-27.881603344980505,78.69467621035739,NO,52,YES
cold_heater_off_475,radio_antenna,electronics_C,-10.0,50.0,-37.51102111297777,-9.903656484315434,-37.51102111297777,-28.78253057877629,-27.511021112977772,78.78253057877629,NO,52,YES
cold_heater_off_475,camera,electronics_C,-10.0,50.0,-37.93088505348044,-10.0,-37.93088505348044,-29.422422918195963,-27.930885053480438,79.42242291819596,NO,52,YES
cold_heater_stuck_on_475,panel_plus_x_camera,panel_structure_C,-40.0,85.0,-41.0067786957554,-10.0,-41.0067786957554,-16.495982007581574,-1.0067786957554006,101.49598200758157,NO,11,YES
cold_heater_stuck_on_475,panel_minus_x,panel_structure_C,-40.0,85.0,-41.01460294861073,-10.0,-41.01460294861073,-17.271365716933417,-1.0146029486107295,102.27136571693342,NO,11,YES
cold_heater_stuck_on_475,panel_plus_y,panel_structure_C,-40.0,85.0,-41.01460294861073,-10.0,-41.01460294861073,-17.271365716933417,-1.0146029486107295,102.27136571693342,NO,11,YES
cold_heater_stuck_on_475,panel_minus_y,panel_structure_C,-40.0,85.0,-41.01460294861073,-10.0,-41.01460294861073,-17.271365716933417,-1.0146029486107295,102.27136571693342,NO,11,YES
cold_heater_stuck_on_475,panel_plus_z_ants,panel_structure_C,-40.0,85.0,-41.01460294861073,-10.0,-41.01460294861073,-17.271365716933417,-1.0146029486107295,102.27136571693342,NO,11,YES
cold_heater_stuck_on_475,panel_minus_z,panel_structure_C,-40.0,85.0,-41.01460294861073,-10.0,-41.01460294861073,-17.271365716933417,-1.0146029486107295,102.27136571693342,NO,11,YES
cold_heater_stuck_on_475,structure,panel_structure_C,-40.0,85.0,-26.60834642041462,-10.0,-26.60834642041462,-16.097927841304795,13.39165357958538,101.0979278413048,YES,11,YES
cold_heater_stuck_on_475,battery_eps,battery_normal_C,5.0,35.0,-23.075869958866235,-8.526675301629268,-23.075869958866235,-13.77696386266939,-28.075869958866235,48.77696386266939,NO,11,YES
cold_heater_stuck_on_475,avionics,electronics_C,-10.0,50.0,-24.833493060337844,-9.890636291625242,-24.833493060337844,-15.797332087432665,-14.833493060337844,65.79733208743266,NO,11,YES
cold_heater_stuck_on_475,radio_antenna,electronics_C,-10.0,50.0,-24.830039745844573,-9.899044269148419,-24.830039745844573,-16.227408614706007,-14.830039745844573,66.22740861470601,NO,11,YES
cold_heater_stuck_on_475,camera,electronics_C,-10.0,50.0,-25.398586724761685,-10.0,-25.398586724761685,-17.039362611128638,-15.398586724761685,67.03936261112864,NO,11,YES
hot_continuous_sun_475,panel_plus_x_camera,panel_structure_C,-40.0,85.0,30.0,52.85033526583402,52.601225228079784,52.85033526583402,92.60122522807978,32.14966473416598,YES,60,YES
hot_continuous_sun_475,panel_minus_x,panel_structure_C,-40.0,85.0,30.0,51.9951123441582,51.745165919130955,51.9951123441582,91.74516591913095,33.0048876558418,YES,60,YES
hot_continuous_sun_475,panel_plus_y,panel_structure_C,-40.0,85.0,30.0,51.9951123441582,51.745165919130955,51.9951123441582,91.74516591913095,33.0048876558418,YES,60,YES
hot_continuous_sun_475,panel_minus_y,panel_structure_C,-40.0,85.0,30.0,51.9951123441582,51.745165919130955,51.9951123441582,91.74516591913095,33.0048876558418,YES,60,YES
hot_continuous_sun_475,panel_plus_z_ants,panel_structure_C,-40.0,85.0,30.0,51.9951123441582,51.745165919130955,51.9951123441582,91.74516591913095,33.0048876558418,YES,60,YES
hot_continuous_sun_475,panel_minus_z,panel_structure_C,-40.0,85.0,30.0,51.9951123441582,51.745165919130955,51.9951123441582,91.74516591913095,33.0048876558418,YES,60,YES
hot_continuous_sun_475,structure,panel_structure_C,-40.0,85.0,30.0,55.37936283349791,54.78133235780774,55.37936283349791,94.78133235780774,29.620637166502092,YES,60,YES
hot_continuous_sun_475,battery_eps,battery_normal_C,5.0,35.0,30.0,56.01403803157939,55.42054612568245,56.01403803157939,50.42054612568245,-21.01403803157939,NO,60,YES
hot_continuous_sun_475,avionics,electronics_C,-10.0,50.0,30.0,56.248019621502465,55.653159998911974,56.248019621502465,65.65315999891197,-6.248019621502465,NO,60,YES
hot_continuous_sun_475,radio_antenna,electronics_C,-10.0,50.0,30.0,58.93299691873858,55.8990339773149,58.93299691873858,65.8990339773149,-8.932996918738581,NO,60,YES
hot_continuous_sun_475,camera,electronics_C,-10.0,50.0,30.0,58.476913456889804,54.82063399261915,58.476913456889804,64.82063399261915,-8.476913456889804,NO,60,YES
fixed_camera_sun_recovery_475,panel_plus_x_camera,panel_structure_C,-40.0,85.0,-35.16329058215632,69.86879151852531,-35.16329058215632,65.28306702703622,4.836709417843679,19.716932972963775,YES,9,YES
fixed_camera_sun_recovery_475,panel_minus_x,panel_structure_C,-40.0,85.0,-35.953332792816155,20.0,-35.953332792816155,-24.92125424157834,4.0466672071838445,109.92125424157834,YES,9,YES
fixed_camera_sun_recovery_475,panel_plus_y,panel_structure_C,-40.0,85.0,-35.953332792816155,20.0,-35.953332792816155,-24.92125424157834,4.0466672071838445,109.92125424157834,YES,9,YES
fixed_camera_sun_recovery_475,panel_minus_y,panel_structure_C,-40.0,85.0,-35.953332792816155,20.0,-35.953332792816155,-24.92125424157834,4.0466672071838445,109.92125424157834,YES,9,YES
fixed_camera_sun_recovery_475,panel_plus_z_ants,panel_structure_C,-40.0,85.0,-35.953332792816155,20.0,-35.953332792816155,-24.92125424157834,4.0466672071838445,109.92125424157834,YES,9,YES
fixed_camera_sun_recovery_475,panel_minus_z,panel_structure_C,-40.0,85.0,-35.953332792816155,20.0,-35.953332792816155,-24.92125424157834,4.0466672071838445,109.92125424157834,YES,9,YES
fixed_camera_sun_recovery_475,structure,panel_structure_C,-40.0,85.0,-20.59900987073317,20.0,-20.59900987073317,-8.874314608056068,19.40099012926683,93.87431460805607,YES,9,YES
fixed_camera_sun_recovery_475,battery_eps,battery_normal_C,5.0,35.0,-16.95553747574894,20.047175527627815,-16.95553747574894,-6.607895447569263,-21.95553747574894,41.60789544756926,NO,9,YES
fixed_camera_sun_recovery_475,avionics,electronics_C,-10.0,50.0,-18.696552275036623,20.038406320674426,-18.696552275036623,-8.633312217877801,-8.696552275036623,58.6333122178778,NO,9,YES
fixed_camera_sun_recovery_475,radio_antenna,electronics_C,-10.0,50.0,-18.684288182922018,20.084528001678507,-18.684288182922018,-9.076923432651597,-8.684288182922018,59.0769234326516,NO,9,YES
fixed_camera_sun_recovery_475,camera,electronics_C,-10.0,50.0,-19.1773134920401,20.0,-19.1773134920401,-9.899794214305928,-9.1773134920401,59.89979421430593,NO,9,YES
nominal_low_conductance_475,panel_plus_x_camera,panel_structure_C,-40.0,85.0,-45.68813567179865,20.0,-45.68813567179865,14.671009050092835,-5.688135671798648,70.32899094990717,NO,14,YES
nominal_low_conductance_475,panel_minus_x,panel_structure_C,-40.0,85.0,-45.89819517707792,20.0,-45.89819517707792,13.015826795799398,-5.898195177077923,71.9841732042006,NO,14,YES
nominal_low_conductance_475,panel_plus_y,panel_structure_C,-40.0,85.0,-45.89819517707792,20.0,-45.89819517707792,13.015826795799398,-5.898195177077923,71.9841732042006,NO,14,YES
nominal_low_conductance_475,panel_minus_y,panel_structure_C,-40.0,85.0,-45.89819517707792,20.0,-45.89819517707792,13.015826795799398,-5.898195177077923,71.9841732042006,NO,14,YES
nominal_low_conductance_475,panel_plus_z_ants,panel_structure_C,-40.0,85.0,-45.89819517707792,20.0,-45.89819517707792,13.015826795799398,-5.898195177077923,71.9841732042006,NO,14,YES
nominal_low_conductance_475,panel_minus_z,panel_structure_C,-40.0,85.0,-45.89819517707792,20.0,-45.89819517707792,13.015826795799398,-5.898195177077923,71.9841732042006,NO,14,YES
nominal_low_conductance_475,structure,panel_structure_C,-40.0,85.0,-0.10178458969454596,20.0,-0.10178458969454596,10.966297387095665,39.898215410305454,74.03370261290434,YES,14,YES
nominal_low_conductance_475,battery_eps,battery_normal_C,5.0,35.0,8.322929957505323,20.525773993899065,8.322929957505323,11.957487798859688,3.3229299575053233,23.042512201140312,YES,14,YES
nominal_low_conductance_475,avionics,electronics_C,-10.0,50.0,9.998519455735618,20.894726451237716,9.998519455735618,13.403244371276344,19.998519455735618,36.596755628723656,YES,14,YES
nominal_low_conductance_475,radio_antenna,electronics_C,-10.0,50.0,12.808502277324067,22.806962844507325,12.808502277324067,16.12113807938249,22.808502277324067,33.87886192061751,YES,14,YES
nominal_low_conductance_475,camera,electronics_C,-10.0,50.0,5.390963167390055,20.0,5.390963167390055,8.91023764771478,15.390963167390055,41.08976235228522,YES,14,YES
nominal_high_conductance_475,panel_plus_x_camera,panel_structure_C,-40.0,85.0,-18.73809942128804,20.0,-18.73809942128804,10.521608932176662,21.26190057871196,74.47839106782334,YES,13,YES
nominal_high_conductance_475,panel_minus_x,panel_structure_C,-40.0,85.0,-18.7381051184027,20.0,-18.7381051184027,10.110160280839409,21.2618948815973,74.88983971916059,YES,13,YES
nominal_high_conductance_475,panel_plus_y,panel_structure_C,-40.0,85.0,-18.7381051184027,20.0,-18.7381051184027,10.110160280839409,21.2618948815973,74.88983971916059,YES,13,YES
nominal_high_conductance_475,panel_minus_y,panel_structure_C,-40.0,85.0,-18.7381051184027,20.0,-18.7381051184027,10.110160280839409,21.2618948815973,74.88983971916059,YES,13,YES
nominal_high_conductance_475,panel_plus_z_ants,panel_structure_C,-40.0,85.0,-18.7381051184027,20.0,-18.7381051184027,10.110160280839409,21.2618948815973,74.88983971916059,YES,13,YES
nominal_high_conductance_475,panel_minus_z,panel_structure_C,-40.0,85.0,-18.7381051184027,20.0,-18.7381051184027,10.110160280839409,21.2618948815973,74.88983971916059,YES,13,YES
nominal_high_conductance_475,structure,panel_structure_C,-40.0,85.0,-11.483069211720135,20.0,-11.483069211720135,9.451254569630464,28.516930788279865,75.54874543036954,YES,13,YES
nominal_high_conductance_475,battery_eps,battery_normal_C,5.0,35.0,-10.101506688469556,20.027231693939825,-10.101506688469556,9.445630072099163,-15.101506688469556,25.554369927900837,NO,13,YES
nominal_high_conductance_475,avionics,electronics_C,-10.0,50.0,-10.585657285153218,20.044729803193206,-10.585657285153218,9.484415893649157,-0.5856572851532178,40.51558410635084,NO,13,YES
nominal_high_conductance_475,radio_antenna,electronics_C,-10.0,50.0,-10.511048451027534,20.059406865109565,-10.511048451027534,9.502595328229233,-0.5110484510275342,40.49740467177077,NO,13,YES
nominal_high_conductance_475,camera,electronics_C,-10.0,50.0,-10.807410480208091,20.0,-10.807410480208091,9.088238392984408,-0.807410480208091,40.91176160701559,NO,13,YES
